index,label
0,tile-good
1,tile-good
2,transistor-good
3,tile-good
4,tile-good
5,pill-good
6,capsule-good
7,hazelnut-good
8,leather-good
9,leather-good
10,bottle-good
11,wood-good
12,zipper-good
13,screw-good
14,tile-good
15,bottle-good
16,tile-good
17,carpet-good
18,carpet-good
19,pill-good
20,tile-good
21,zipper-good
22,bottle-good
23,capsule-good
24,pill-good
25,screw-good
26,pill-good
27,capsule-good
28,leather-good
29,wood-good
30,screw-good
31,screw-thread_top
32,capsule-good
33,zipper-good
34,zipper-good
35,zipper-good
36,leather-good
37,screw-thread_top
38,leather-good
39,metal_nut-good
40,metal_nut-good
41,cable-good
42,capsule-good
43,capsule-good
44,metal_nut-good
45,tile-good
46,toothbrush-good
47,capsule-good
48,zipper-good
49,screw-good
50,cable-bent_wire
51,transistor-good
52,hazelnut-good
53,hazelnut-good
54,zipper-good
55,metal_nut-good
56,carpet-good
57,carpet-good
58,leather-good
59,capsule-good
60,transistor-good
61,pill-good
62,capsule-good
63,zipper-good
64,capsule-good
65,leather-good
66,transistor-good
67,capsule-good
68,cable-good
69,metal_nut-good
70,grid-good
71,wood-good
72,hazelnut-good
73,tile-good
74,leather-good
75,zipper-good
76,screw-thread_top
77,leather-good
78,screw-thread_top
79,screw-thread_top
80,pill-good
81,wood-good
82,capsule-good
83,wood-good
84,transistor-good
85,bottle-good
86,zipper-good
87,carpet-good
88,leather-good
89,zipper-good
90,leather-good
91,zipper-good
92,cable-good
93,metal_nut-good
94,screw-good
95,tile-good
96,transistor-good
97,transistor-good
98,metal_nut-good
99,metal_nut-good
100,screw-thread_top
101,carpet-good
102,pill-good
103,capsule-good
104,wood-good
105,bottle-good
106,zipper-good
107,pill-good
108,transistor-good
109,hazelnut-good
110,leather-good
111,capsule-good
112,transistor-good
113,transistor-good
114,zipper-good
115,capsule-good
116,tile-good
117,pill-good
118,capsule-good
119,transistor-good
120,screw-good
121,carpet-good
122,metal_nut-good
123,transistor-good
124,wood-good
125,transistor-good
126,tile-good
127,transistor-good
128,pill-good
129,screw-good
130,tile-good
131,metal_nut-good
132,pill-good
133,metal_nut-good
134,capsule-good
135,metal_nut-good
136,capsule-good
137,zipper-good
138,pill-good
139,wood-good
140,transistor-good
141,hazelnut-good
142,cable-bent_wire
143,cable-bent_wire
144,zipper-good
145,hazelnut-good
146,carpet-good
147,zipper-good
148,zipper-good
149,wood-good
150,zipper-good
151,wood-good
152,transistor-good
153,pill-good
154,zipper-good
155,tile-good
156,toothbrush-good
157,tile-good
158,hazelnut-good
159,metal_nut-good
160,capsule-good
161,capsule-good
162,capsule-good
163,screw-thread_top
164,carpet-good
165,leather-good
166,pill-good
167,wood-good
168,zipper-good
169,screw-thread_top
170,carpet-good
171,carpet-good
172,capsule-good
173,leather-good
174,cable-bent_wire
175,pill-good
176,screw-good
177,zipper-good
178,capsule-good
179,zipper-good
180,leather-good
181,tile-good
182,bottle-good
183,screw-thread_top
184,pill-good
185,carpet-good
186,tile-good
187,metal_nut-good
188,wood-good
189,transistor-good
190,pill-good
191,capsule-good
192,zipper-good
193,hazelnut-good
194,pill-good
195,capsule-good
196,zipper-good
197,zipper-good
198,zipper-good
199,hazelnut-good
200,transistor-good
201,cable-bent_wire
202,capsule-good
203,bottle-good
204,pill-good
205,leather-good
206,pill-good
207,pill-good
208,hazelnut-good
209,tile-good
210,transistor-good
211,capsule-good
212,screw-good
213,wood-good
214,pill-good
215,carpet-good
216,capsule-good
217,pill-good
218,transistor-good
219,bottle-good
220,tile-good
221,metal_nut-good
222,tile-good
223,bottle-good
224,capsule-good
225,metal_nut-good
226,pill-good
227,leather-good
228,screw-thread_top
229,transistor-good
230,pill-good
231,screw-good
232,zipper-good
233,pill-good
234,zipper-good
235,capsule-good
236,transistor-good
237,metal_nut-good
238,hazelnut-good
239,capsule-good
240,metal_nut-good
241,hazelnut-good
242,zipper-good
243,capsule-good
244,wood-good
245,leather-good
246,tile-good
247,tile-good
248,wood-good
249,cable-good
250,transistor-good
251,tile-good
252,cable-bent_wire
253,capsule-good
254,metal_nut-good
255,metal_nut-good
256,metal_nut-good
257,capsule-good
258,zipper-good
259,hazelnut-good
260,hazelnut-good
261,screw-good
262,hazelnut-good
263,hazelnut-good
264,leather-good
265,leather-good
266,wood-good
267,screw-good
268,metal_nut-good
269,cable-bent_wire
270,carpet-good
271,screw-good
272,wood-good
273,transistor-good
274,cable-bent_wire
275,capsule-good
276,pill-good
277,capsule-good
278,transistor-good
279,zipper-good
280,pill-good
281,leather-good
282,transistor-good
283,pill-good
284,pill-good
285,screw-good
286,tile-good
287,tile-good
288,tile-good
289,bottle-good
290,carpet-good
291,bottle-good
292,leather-good
293,leather-good
294,screw-thread_top
295,zipper-good
296,tile-good
297,transistor-good
298,transistor-good
299,transistor-good
300,capsule-good
301,leather-good
302,zipper-good
303,transistor-good
304,capsule-good
305,pill-good
306,toothbrush-good
307,tile-good
308,leather-good
309,screw-good
310,screw-good
311,transistor-good
312,bottle-good
313,metal_nut-good
314,wood-good
315,transistor-good
316,capsule-good
317,wood-good
318,wood-good
319,tile-good
320,cable-bent_wire
321,capsule-good
322,metal_nut-good
323,cable-bent_wire
324,leather-good
325,capsule-good
326,screw-good
327,capsule-good
328,pill-good
329,transistor-good
330,screw-good
331,capsule-good
332,screw-good
333,carpet-good
334,carpet-good
335,bottle-good
336,tile-good
337,metal_nut-good
338,capsule-good
339,cable-good
340,wood-good
341,screw-good
342,metal_nut-good
343,tile-good
344,screw-good
345,leather-good
346,metal_nut-good
347,metal_nut-good
348,hazelnut-good
349,cable-good
350,carpet-good
351,screw-thread_top
352,screw-thread_top
353,capsule-good
354,carpet-good
355,capsule-good
356,cable-good
357,pill-good
358,bottle-good
359,toothbrush-good
360,transistor-good
361,capsule-good
362,leather-good
363,carpet-good
364,transistor-good
365,zipper-good
366,wood-good
367,cable-bent_wire
368,screw-thread_top
369,leather-good
370,hazelnut-good
371,screw-good
372,screw-thread_top
373,bottle-good
374,hazelnut-good
375,transistor-good
376,wood-good
377,screw-good
378,capsule-good
379,tile-good
380,metal_nut-good
381,screw-good
382,wood-good
383,tile-good
384,capsule-good
385,tile-good
386,metal_nut-good
387,capsule-good
388,hazelnut-good
389,screw-good
390,leather-good
391,metal_nut-good
392,bottle-good
393,leather-good
394,capsule-good
395,transistor-good
396,screw-thread_top
397,zipper-good
398,hazelnut-good
399,tile-good
400,wood-good
401,tile-good
402,transistor-good
403,zipper-good
404,bottle-good
405,tile-good
406,pill-good
407,capsule-good
408,leather-good
409,pill-good
410,cable-bent_wire
411,capsule-good
412,pill-good
413,cable-bent_wire
414,bottle-good
415,transistor-good
416,leather-good
417,transistor-good
418,hazelnut-good
419,transistor-good
420,metal_nut-good
421,zipper-good
422,metal_nut-good
423,carpet-good
424,carpet-good
425,pill-good
426,zipper-good
427,zipper-good
428,leather-good
429,transistor-good
430,bottle-good
431,zipper-good
432,cable-bent_wire
433,bottle-good
434,tile-good
435,hazelnut-good
436,wood-good
437,pill-good
438,carpet-good
439,tile-good
440,pill-good
441,tile-good
442,transistor-good
443,screw-good
444,transistor-good
445,transistor-good
446,carpet-good
447,zipper-good
448,tile-good
449,leather-good
450,wood-good
451,zipper-good
452,bottle-good
453,carpet-good
454,tile-good
455,hazelnut-good
456,capsule-good
457,hazelnut-good
458,carpet-good
459,metal_nut-good
460,cable-bent_wire
461,carpet-good
462,capsule-good
463,leather-good
464,carpet-good
465,capsule-good
466,capsule-good
467,metal_nut-good
468,capsule-good
469,metal_nut-good
470,screw-thread_top
471,metal_nut-good
472,tile-good
473,bottle-good
474,capsule-good
475,cable-bent_wire
476,wood-good
477,transistor-good
478,capsule-good
479,capsule-good
480,pill-good
481,capsule-good
482,carpet-good
483,screw-thread_top
484,capsule-good
485,screw-good
486,cable-bent_wire
487,tile-good
488,hazelnut-good
489,pill-good
490,carpet-good
491,screw-thread_top
492,cable-bent_wire
493,capsule-good
494,hazelnut-good
495,capsule-good
496,transistor-good
497,toothbrush-good
498,screw-thread_top
499,zipper-good
500,screw-good
501,cable-good
502,metal_nut-good
503,transistor-good
504,cable-good
505,tile-good
506,leather-good
507,wood-good
508,toothbrush-good
509,leather-good
510,capsule-good
511,capsule-good
512,transistor-good
513,transistor-good
514,transistor-good
515,zipper-good
516,cable-bent_wire
517,metal_nut-good
518,leather-good
519,screw-thread_top
520,tile-good
521,cable-good
522,wood-good
523,metal_nut-good
524,pill-good
525,zipper-good
526,screw-thread_top
527,wood-good
528,capsule-good
529,carpet-good
530,capsule-good
531,hazelnut-good
532,hazelnut-good
533,hazelnut-good
534,tile-good
535,screw-good
536,zipper-good
537,wood-good
538,pill-good
539,toothbrush-good
540,cable-bent_wire
541,wood-good
542,tile-good
543,screw-good
544,tile-good
545,zipper-good
546,transistor-good
547,tile-good
548,hazelnut-good
549,pill-good
550,cable-bent_wire
551,capsule-good
552,pill-good
553,pill-good
554,zipper-good
555,tile-good
556,screw-good
557,capsule-good
558,zipper-good
559,screw-good
560,leather-good
561,capsule-good
562,leather-good
563,carpet-good
564,cable-bent_wire
565,hazelnut-good
566,tile-good
567,tile-good
568,hazelnut-good
569,screw-good
570,hazelnut-good
571,wood-good
572,hazelnut-good
573,pill-good
574,cable-bent_wire
575,wood-good
576,zipper-good
577,carpet-good
578,tile-good
579,zipper-good
580,pill-good
581,metal_nut-good
582,tile-good
583,carpet-good
584,transistor-good
585,transistor-good
586,transistor-good
587,carpet-good
588,leather-good
589,transistor-good
590,screw-good
591,hazelnut-good
592,cable-bent_wire
593,zipper-good
594,zipper-good
595,metal_nut-good
596,carpet-good
597,tile-good
598,zipper-good
599,hazelnut-good
600,leather-good
601,hazelnut-good
602,hazelnut-good
603,cable-bent_wire
604,pill-good
605,cable-good
606,pill-good
607,cable-bent_wire
608,transistor-good
609,pill-good
610,metal_nut-good
611,metal_nut-good
612,cable-bent_wire
613,carpet-good
614,hazelnut-good
615,capsule-good
616,pill-good
617,zipper-good
618,carpet-good
619,screw-thread_top
620,screw-thread_top
621,screw-thread_top
622,zipper-good
623,tile-good
624,bottle-good
625,carpet-good
626,metal_nut-good
627,toothbrush-good
628,hazelnut-good
629,bottle-good
630,leather-good
631,toothbrush-good
632,screw-good
633,capsule-good
634,zipper-good
635,leather-good
636,screw-thread_top
637,capsule-good
638,carpet-good
639,leather-good
640,pill-good
641,leather-good
642,transistor-good
643,bottle-good
644,carpet-good
645,zipper-good
646,cable-bent_wire
647,leather-good
648,capsule-good
649,zipper-good
650,wood-good
651,hazelnut-good
652,carpet-good
653,screw-good
654,tile-good
655,wood-good
656,capsule-good
657,capsule-good
658,capsule-good
659,leather-good
660,transistor-good
661,screw-thread_top
662,carpet-good
663,transistor-good
664,capsule-good
665,tile-good
666,transistor-good
667,hazelnut-good
668,tile-good
669,screw-thread_top
670,hazelnut-good
671,pill-good
672,bottle-good
673,pill-good
674,pill-good
675,bottle-good
676,wood-good
677,pill-good
678,cable-bent_wire
679,tile-good
680,leather-good
681,leather-good
682,tile-good
683,pill-good
684,cable-bent_wire
685,tile-good
686,tile-good
687,hazelnut-good
688,metal_nut-good
689,leather-good
690,metal_nut-good
691,cable-good
692,capsule-good
693,pill-good
694,tile-good
695,cable-good
696,hazelnut-good
697,zipper-good
698,tile-good
699,bottle-good
700,cable-good
701,leather-good
702,hazelnut-good
703,capsule-good
704,bottle-good
705,carpet-good
706,screw-good
707,transistor-good
708,screw-thread_top
709,wood-good
710,pill-good
711,pill-good
712,capsule-good
713,tile-good
714,carpet-good
715,wood-good
716,carpet-good
717,transistor-good
718,hazelnut-good
719,zipper-good
720,capsule-good
721,transistor-good
722,capsule-good
723,transistor-good
724,zipper-good
725,transistor-good
726,pill-good
727,hazelnut-good
728,pill-good
729,screw-thread_top
730,hazelnut-good
731,bottle-good
732,pill-good
733,pill-good
734,hazelnut-good
735,metal_nut-good
736,carpet-good
737,pill-good
738,capsule-good
739,wood-good
740,hazelnut-good
741,carpet-good
742,pill-good
743,pill-good
744,tile-good
745,carpet-good
746,bottle-good
747,pill-good
748,pill-good
749,capsule-good
750,metal_nut-good
751,cable-bent_wire
752,metal_nut-good
753,transistor-good
754,capsule-good
755,tile-good
756,zipper-good
757,bottle-good
758,pill-good
759,capsule-good
760,screw-good
761,hazelnut-good
762,cable-good
763,pill-good
764,bottle-good
765,capsule-good
766,tile-good
767,zipper-good
768,metal_nut-good
769,pill-good
770,wood-good
771,carpet-good
772,wood-good
773,zipper-good
774,hazelnut-good
775,capsule-good
776,pill-good
777,screw-good
778,bottle-good
779,capsule-good
780,transistor-good
781,leather-good
782,screw-good
783,wood-good
784,cable-bent_wire
785,leather-good
786,toothbrush-good
787,toothbrush-good
788,capsule-good
789,screw-thread_top
790,zipper-good
791,carpet-good
792,toothbrush-good
793,toothbrush-good
794,zipper-good
795,hazelnut-good
796,transistor-good
797,zipper-good
798,screw-good
799,pill-good
800,zipper-good
801,hazelnut-good
802,tile-good
803,metal_nut-good
804,tile-good
805,wood-good
806,pill-good
807,bottle-good
808,leather-good
809,zipper-good
810,screw-thread_top
811,capsule-good
812,capsule-good
813,metal_nut-good
814,toothbrush-good
815,wood-good
816,screw-good
817,zipper-good
818,tile-good
819,screw-good
820,pill-good
821,hazelnut-good
822,screw-thread_top
823,metal_nut-good
824,screw-good
825,screw-thread_top
826,capsule-good
827,cable-bent_wire
828,hazelnut-good
829,transistor-good
830,carpet-good
831,tile-good
832,screw-thread_top
833,capsule-good
834,zipper-good
835,tile-good
836,capsule-good
837,capsule-good
838,carpet-good
839,pill-good
840,hazelnut-good
841,bottle-good
842,screw-good
843,screw-good
844,tile-good
845,transistor-good
846,leather-good
847,bottle-good
848,tile-good
849,capsule-good
850,tile-good
851,wood-good
852,screw-good
853,capsule-good
854,transistor-good
855,capsule-good
856,zipper-good
857,hazelnut-good
858,transistor-good
859,zipper-good
860,cable-good
861,hazelnut-good
862,metal_nut-good
863,screw-good
864,carpet-good
865,transistor-good
866,toothbrush-good
867,screw-thread_top
868,zipper-good
869,screw-thread_top
870,carpet-good
871,leather-good
872,pill-good
873,pill-good
874,pill-good
875,carpet-good
876,capsule-good
877,wood-good
878,leather-good
879,leather-good
880,hazelnut-good
881,metal_nut-good
882,capsule-good
883,capsule-good
884,transistor-good
885,tile-good
886,capsule-good
887,pill-good
888,leather-good
889,metal_nut-good
890,transistor-good
891,zipper-good
892,leather-good
893,cable-bent_wire
894,leather-good
895,screw-good
896,pill-good
897,screw-good
898,cable-good
899,carpet-good
900,transistor-good
901,leather-good
902,screw-good
903,pill-good
904,capsule-good
905,zipper-good
906,leather-good
907,capsule-good
908,capsule-good
909,metal_nut-good
910,tile-good
911,pill-good
912,zipper-good
913,capsule-good
914,leather-good
915,screw-good
916,metal_nut-good
917,capsule-good
918,tile-good
919,transistor-good
920,hazelnut-good
921,screw-good
922,tile-good
923,zipper-good
924,metal_nut-good
925,leather-good
926,cable-bent_wire
927,toothbrush-good
928,cable-bent_wire
929,toothbrush-good
930,tile-good
931,cable-bent_wire
932,capsule-good
933,metal_nut-good
934,capsule-good
935,pill-good
936,tile-good
937,leather-good
938,carpet-good
939,leather-good
940,carpet-good
941,transistor-good
942,capsule-good
943,capsule-good
944,bottle-good
945,leather-good
946,leather-good
947,capsule-good
948,zipper-good
949,hazelnut-good
950,capsule-good
951,metal_nut-good
952,tile-good
953,tile-good
954,screw-good
955,carpet-good
956,capsule-good
957,transistor-good
958,capsule-good
959,wood-good
960,zipper-good
961,capsule-good
962,pill-good
963,hazelnut-good
964,hazelnut-good
965,screw-thread_top
966,capsule-good
967,hazelnut-good
968,screw-thread_top
969,hazelnut-good
970,carpet-good
971,carpet-good
972,bottle-good
973,cable-bent_wire
974,hazelnut-good
975,tile-good
976,pill-good
977,leather-good
978,capsule-good
979,screw-good
980,leather-good
981,carpet-good
982,capsule-good
983,transistor-good
984,pill-good
985,capsule-good
986,tile-good
987,metal_nut-good
988,screw-good
989,screw-good
990,pill-good
991,capsule-good
992,capsule-good
993,screw-thread_top
994,cable-good
995,bottle-good
996,zipper-good
997,bottle-good
998,leather-good
999,screw-good
1000,leather-good
1001,capsule-good
1002,leather-good
1003,metal_nut-good
1004,wood-good
1005,tile-good
1006,cable-bent_wire
1007,capsule-good
1008,tile-good
1009,capsule-good
1010,zipper-good
1011,pill-good
1012,tile-good
1013,screw-thread_top
1014,leather-good
1015,capsule-good
1016,pill-good
1017,zipper-good
1018,hazelnut-good
1019,pill-good
1020,capsule-good
1021,tile-good
1022,pill-good
1023,metal_nut-good
1024,hazelnut-good
1025,cable-bent_wire
1026,metal_nut-good
1027,pill-good
1028,screw-thread_top
1029,zipper-good
1030,transistor-good
1031,transistor-good
1032,tile-good
1033,metal_nut-good
1034,capsule-good
1035,capsule-good
1036,pill-good
1037,capsule-good
1038,hazelnut-good
1039,capsule-good
1040,metal_nut-good
1041,tile-good
1042,transistor-good
1043,transistor-good
1044,carpet-good
1045,screw-good
1046,transistor-good
1047,tile-good
1048,screw-thread_top
1049,transistor-good
1050,cable-bent_wire
1051,carpet-good
1052,wood-good
1053,zipper-good
1054,toothbrush-good
1055,capsule-good
1056,cable-bent_wire
1057,capsule-good
1058,zipper-good
1059,tile-good
1060,zipper-good
1061,leather-good
1062,screw-thread_top
1063,capsule-good
1064,hazelnut-good
1065,metal_nut-good
1066,carpet-good
1067,metal_nut-good
1068,carpet-good
1069,tile-good
1070,transistor-good
1071,pill-good
1072,wood-good
1073,capsule-good
1074,screw-good
1075,zipper-good
1076,wood-good
1077,screw-good
1078,bottle-good
1079,tile-good
1080,transistor-good
1081,capsule-good
1082,tile-good
1083,pill-good
1084,transistor-good
1085,bottle-good
1086,bottle-good
1087,leather-good
1088,tile-good
1089,pill-good
1090,tile-good
1091,pill-good
1092,zipper-good
1093,leather-good
1094,hazelnut-good
1095,metal_nut-good
1096,hazelnut-good
1097,wood-good
1098,transistor-good
1099,wood-good
1100,cable-good
1101,zipper-good
1102,leather-good
1103,bottle-good
1104,tile-good
1105,carpet-good
1106,zipper-good
1107,zipper-good
1108,transistor-good
1109,capsule-good
1110,tile-good
1111,transistor-good
1112,wood-good
1113,metal_nut-good
1114,bottle-good
1115,carpet-good
1116,screw-thread_top
1117,screw-thread_top
1118,metal_nut-good
1119,transistor-good
1120,metal_nut-good
1121,tile-good
1122,pill-good
1123,pill-good
1124,tile-good
1125,zipper-good
1126,wood-good
1127,capsule-good
1128,hazelnut-good
1129,carpet-good
1130,transistor-good
1131,cable-bent_wire
1132,screw-thread_top
1133,toothbrush-good
1134,capsule-good
1135,transistor-good
1136,wood-good
1137,hazelnut-good
1138,screw-thread_top
1139,wood-good
1140,zipper-good
1141,tile-good
1142,capsule-good
1143,hazelnut-good
1144,hazelnut-good
1145,screw-thread_top
1146,hazelnut-good
1147,tile-good
1148,screw-good
1149,metal_nut-good
1150,transistor-good
1151,tile-good
1152,screw-thread_top
1153,bottle-good
1154,zipper-good
1155,zipper-good
1156,leather-good
1157,capsule-good
1158,pill-good
1159,zipper-good
1160,transistor-good
1161,bottle-good
1162,transistor-good
1163,screw-thread_top
1164,capsule-good
1165,screw-good
1166,leather-good
1167,capsule-good
1168,transistor-good
1169,screw-thread_top
1170,zipper-good
1171,cable-bent_wire
1172,wood-good
1173,capsule-good
1174,tile-good
1175,pill-good
1176,leather-good
1177,tile-good
1178,metal_nut-good
1179,transistor-good
1180,leather-good
1181,tile-good
1182,tile-good
1183,bottle-good
1184,toothbrush-good
1185,carpet-good
1186,bottle-good
1187,bottle-good
1188,hazelnut-good
1189,tile-good
1190,screw-thread_top
1191,capsule-good
1192,capsule-good
1193,transistor-good
1194,hazelnut-good
1195,bottle-good
1196,wood-good
1197,grid-good
1198,toothbrush-good
1199,hazelnut-good
1200,capsule-good
1201,carpet-good
1202,zipper-good
1203,bottle-good
1204,screw-thread_top
1205,metal_nut-good
1206,bottle-good
1207,metal_nut-good
1208,bottle-good
1209,screw-good
1210,wood-good
1211,cable-bent_wire
1212,zipper-good
1213,leather-good
1214,wood-good
1215,screw-thread_top
1216,capsule-good
1217,zipper-good
1218,bottle-good
1219,bottle-good
1220,pill-good
1221,metal_nut-good
1222,pill-good
1223,capsule-good
1224,cable-bent_wire
1225,screw-thread_top
1226,capsule-good
1227,screw-thread_top
1228,tile-good
1229,toothbrush-good
1230,pill-good
1231,carpet-good
1232,pill-good
1233,transistor-good
1234,zipper-good
1235,tile-good
1236,tile-good
1237,tile-good
1238,capsule-good
1239,leather-good
1240,pill-good
1241,toothbrush-good
1242,capsule-good
1243,transistor-good
1244,zipper-good
1245,carpet-good
1246,screw-thread_top
1247,screw-thread_top
1248,transistor-good
1249,zipper-good
1250,tile-good
1251,screw-good
1252,screw-good
1253,carpet-good
1254,wood-good
1255,screw-good
1256,leather-good
1257,transistor-good
1258,leather-good
1259,screw-thread_top
1260,capsule-good
1261,pill-good
1262,toothbrush-good
1263,bottle-good
1264,transistor-good
1265,pill-good
1266,screw-thread_top
1267,tile-good
1268,capsule-good
1269,tile-good
1270,zipper-good
1271,hazelnut-good
1272,leather-good
1273,pill-good
1274,zipper-good
1275,pill-good
1276,metal_nut-good
1277,tile-good
1278,transistor-good
1279,metal_nut-good
1280,metal_nut-good
1281,bottle-good
1282,zipper-good
1283,leather-good
1284,pill-good
1285,leather-good
1286,zipper-good
1287,tile-good
1288,hazelnut-good
1289,hazelnut-good
1290,pill-good
1291,cable-bent_wire
1292,transistor-good
1293,hazelnut-good
1294,pill-good
1295,screw-thread_top
1296,tile-good
1297,leather-good
1298,zipper-good
1299,hazelnut-good
1300,tile-good
1301,capsule-good
1302,carpet-good
1303,screw-thread_top
1304,hazelnut-good
1305,tile-good
1306,carpet-good
1307,hazelnut-good
1308,transistor-good
1309,cable-bent_wire
1310,bottle-good
1311,tile-good
1312,zipper-good
1313,capsule-good
1314,zipper-good
1315,capsule-good
1316,carpet-good
1317,capsule-good
1318,transistor-good
1319,pill-good
1320,zipper-good
1321,transistor-good
1322,capsule-good
1323,metal_nut-good
1324,toothbrush-good
1325,carpet-good
1326,hazelnut-good
1327,bottle-good
1328,screw-good
1329,transistor-good
1330,transistor-good
1331,tile-good
1332,metal_nut-good
1333,tile-good
1334,carpet-good
1335,screw-thread_top
1336,tile-good
1337,tile-good
1338,metal_nut-good
1339,metal_nut-good
1340,hazelnut-good
1341,cable-bent_wire
1342,hazelnut-good
1343,tile-good
1344,hazelnut-good
1345,tile-good
1346,hazelnut-good
1347,cable-bent_wire
1348,transistor-good
1349,tile-good
1350,zipper-good
1351,tile-good
1352,tile-good
1353,transistor-good
1354,transistor-good
1355,metal_nut-good
1356,bottle-good
1357,wood-good
1358,screw-thread_top
1359,capsule-good
1360,zipper-good
1361,leather-good
1362,tile-good
1363,transistor-good
1364,screw-thread_top
1365,metal_nut-good
1366,transistor-good
1367,transistor-good
1368,hazelnut-good
1369,toothbrush-good
1370,pill-good
1371,capsule-good
1372,cable-bent_wire
1373,zipper-good
1374,tile-good
1375,hazelnut-good
1376,capsule-good
1377,zipper-good
1378,hazelnut-good
1379,hazelnut-good
1380,transistor-good
1381,toothbrush-good
1382,leather-good
1383,wood-good
1384,metal_nut-good
1385,transistor-good
1386,carpet-good
1387,carpet-good
1388,screw-good
1389,screw-good
1390,zipper-good
1391,hazelnut-good
1392,hazelnut-good
1393,hazelnut-good
1394,cable-bent_wire
1395,capsule-good
1396,leather-good
1397,carpet-good
1398,zipper-good
1399,cable-good
1400,tile-good
1401,tile-good
1402,cable-bent_wire
1403,hazelnut-good
1404,metal_nut-good
1405,hazelnut-good
1406,metal_nut-good
1407,pill-good
1408,cable-good
1409,pill-good
1410,carpet-good
1411,screw-thread_top
1412,metal_nut-good
1413,capsule-good
1414,cable-good
1415,toothbrush-good
1416,bottle-good
1417,capsule-good
1418,zipper-good
1419,screw-thread_top
1420,screw-thread_top
1421,carpet-good
1422,screw-thread_top
1423,metal_nut-good
1424,tile-good
1425,cable-bent_wire
1426,capsule-good
1427,transistor-good
1428,tile-good
1429,zipper-good
1430,screw-thread_top
1431,toothbrush-good
1432,tile-good
1433,metal_nut-good
1434,capsule-good
1435,pill-good
1436,zipper-good
1437,metal_nut-good
1438,toothbrush-good
1439,carpet-good
1440,pill-good
1441,pill-good
1442,screw-good
1443,capsule-good
1444,screw-thread_top
1445,hazelnut-good
1446,carpet-good
1447,tile-good
1448,tile-good
1449,transistor-good
1450,hazelnut-good
1451,hazelnut-good
1452,carpet-good
1453,capsule-good
1454,pill-good
1455,zipper-good
1456,tile-good
1457,screw-thread_top
1458,tile-good
1459,carpet-good
1460,hazelnut-good
1461,transistor-good
1462,metal_nut-good
1463,leather-good
1464,carpet-good
1465,leather-good
1466,hazelnut-good
1467,zipper-good
1468,transistor-good
1469,bottle-good
1470,transistor-good
1471,wood-good
1472,pill-good
1473,bottle-good
1474,toothbrush-good
1475,pill-good
1476,screw-good
1477,bottle-good
1478,screw-thread_top
1479,wood-good
1480,toothbrush-good
1481,pill-good
1482,tile-good
1483,metal_nut-good
1484,transistor-good
1485,hazelnut-good
1486,zipper-good
1487,hazelnut-good
1488,tile-good
1489,metal_nut-good
1490,metal_nut-good
1491,leather-good
1492,capsule-good
1493,tile-good
1494,capsule-good
1495,hazelnut-good
1496,leather-good
1497,cable-bent_wire
1498,leather-good
1499,pill-good
1500,pill-good
1501,pill-good
1502,leather-good
1503,metal_nut-good
1504,zipper-good
1505,zipper-good
1506,metal_nut-good
1507,zipper-good
1508,hazelnut-good
1509,leather-good
1510,screw-thread_top
1511,screw-thread_top
1512,pill-good
1513,zipper-good
1514,capsule-good
1515,tile-good
1516,screw-good
1517,capsule-good
1518,carpet-good
1519,bottle-good
1520,transistor-good
1521,metal_nut-good
1522,pill-good
1523,capsule-good
1524,hazelnut-good
1525,pill-good
1526,tile-good
1527,screw-thread_top
1528,metal_nut-good
1529,cable-bent_wire
1530,tile-good
1531,carpet-good
1532,tile-good
1533,carpet-good
1534,pill-good
1535,capsule-good
1536,metal_nut-good
1537,carpet-good
1538,zipper-good
1539,tile-good
1540,wood-good
1541,metal_nut-good
1542,tile-good
1543,metal_nut-good
1544,tile-good
1545,transistor-good
1546,hazelnut-good
1547,bottle-good
1548,capsule-good
1549,leather-good
1550,leather-good
1551,transistor-good
1552,leather-good
1553,wood-good
1554,pill-good
1555,capsule-good
1556,transistor-good
1557,transistor-good
1558,leather-good
1559,wood-good
1560,leather-good
1561,capsule-good
1562,zipper-good
1563,leather-good
1564,toothbrush-good
1565,leather-good
1566,wood-good
1567,tile-good
1568,pill-good
1569,hazelnut-good
1570,pill-good
1571,carpet-good
1572,tile-good
1573,pill-good
1574,pill-good
1575,toothbrush-good
1576,capsule-good
1577,transistor-good
1578,zipper-good
1579,metal_nut-good
1580,screw-thread_top
1581,hazelnut-good
1582,tile-good
1583,leather-good
1584,leather-good
1585,cable-good
1586,wood-good
1587,bottle-good
1588,bottle-good
1589,screw-thread_top
1590,capsule-good
1591,carpet-good
1592,pill-good
1593,transistor-good
1594,carpet-good
1595,leather-good
1596,leather-good
1597,carpet-good
1598,capsule-good
1599,capsule-good
1600,transistor-good
1601,pill-good
1602,screw-good
1603,metal_nut-good
1604,capsule-good
1605,tile-good
1606,carpet-good
1607,hazelnut-good
1608,leather-good
1609,bottle-good
1610,toothbrush-good
1611,wood-good
1612,zipper-good
1613,wood-good
1614,hazelnut-good
1615,wood-good
1616,metal_nut-good
1617,cable-bent_wire
1618,hazelnut-good
1619,transistor-good
1620,capsule-good
1621,tile-good
1622,hazelnut-good
1623,wood-good
1624,zipper-good
1625,cable-bent_wire
1626,pill-good
1627,cable-bent_wire
1628,bottle-good
1629,zipper-good
1630,transistor-good
1631,zipper-good
1632,metal_nut-good
1633,tile-good
1634,zipper-good
1635,capsule-good
1636,cable-good
1637,metal_nut-good
1638,screw-thread_top
1639,pill-good
1640,carpet-good
1641,capsule-good
1642,leather-good
1643,tile-good
1644,transistor-good
1645,metal_nut-good
1646,pill-good
1647,tile-good
1648,carpet-good
1649,tile-good
1650,bottle-good
1651,pill-good
1652,tile-good
1653,zipper-good
1654,bottle-good
1655,hazelnut-good
1656,zipper-good
1657,carpet-good
1658,tile-good
1659,carpet-good
1660,capsule-good
1661,metal_nut-good
1662,capsule-good
1663,transistor-good
1664,capsule-good
1665,zipper-good
1666,tile-good
1667,toothbrush-good
1668,capsule-good
1669,tile-good
1670,tile-good
1671,hazelnut-good
1672,capsule-good
1673,toothbrush-good
1674,screw-thread_top
1675,bottle-good
1676,bottle-good
1677,metal_nut-good
1678,transistor-good
1679,zipper-good
1680,bottle-good
1681,capsule-good
1682,transistor-good
1683,capsule-good
1684,metal_nut-good
1685,cable-bent_wire
1686,capsule-good
1687,capsule-good
1688,carpet-good
1689,pill-good
1690,capsule-good
1691,capsule-good
1692,transistor-good
1693,metal_nut-good
1694,tile-good
1695,cable-bent_wire
1696,cable-bent_wire
1697,cable-bent_wire
1698,bottle-good
1699,capsule-good
1700,toothbrush-good
1701,carpet-good
1702,toothbrush-good
1703,carpet-good
1704,leather-good
1705,capsule-good
1706,screw-good
1707,cable-good
1708,toothbrush-good
1709,bottle-good
1710,leather-good
1711,screw-good
1712,carpet-good
1713,bottle-good
1714,cable-good
1715,carpet-good
1716,capsule-good
1717,leather-good
1718,cable-bent_wire
1719,tile-good
1720,tile-good
1721,hazelnut-good
1722,hazelnut-good
1723,metal_nut-good
1724,transistor-good
1725,transistor-good
1726,screw-thread_top
1727,tile-good
1728,leather-good
1729,transistor-good
1730,leather-good
1731,hazelnut-good
1732,metal_nut-good
1733,hazelnut-good
1734,cable-bent_wire
1735,screw-good
1736,metal_nut-good
1737,transistor-good
1738,zipper-good
1739,leather-good
1740,hazelnut-good
1741,tile-good
1742,pill-good
1743,capsule-good
1744,carpet-good
1745,toothbrush-good
1746,carpet-good
1747,capsule-good
1748,carpet-good
1749,wood-good
1750,carpet-good
1751,bottle-good
1752,cable-good
1753,hazelnut-good
1754,hazelnut-good
1755,carpet-good
1756,screw-good
1757,screw-thread_top
1758,tile-good
1759,zipper-good
1760,wood-good
1761,pill-good
1762,tile-good
1763,capsule-good
1764,tile-good
1765,screw-good
1766,bottle-good
1767,transistor-good
1768,toothbrush-good
1769,zipper-good
1770,carpet-good
1771,wood-good
1772,capsule-good
1773,capsule-good
1774,screw-thread_top
1775,metal_nut-good
1776,capsule-good
1777,transistor-good
1778,bottle-good
1779,capsule-good
1780,screw-good
1781,pill-good
1782,carpet-good
1783,cable-bent_wire
1784,screw-good
1785,pill-good
1786,zipper-good
1787,hazelnut-good
1788,pill-good
1789,bottle-good
1790,toothbrush-good
1791,zipper-good
1792,capsule-good
1793,zipper-good
1794,capsule-good
1795,screw-good
1796,toothbrush-good
1797,cable-bent_wire
1798,tile-good
1799,zipper-good
1800,screw-thread_top
1801,bottle-good
1802,pill-good
1803,capsule-good
1804,zipper-good
1805,capsule-good
1806,cable-good
1807,metal_nut-good
1808,leather-good
1809,zipper-good
1810,zipper-good
1811,zipper-good
1812,tile-good
1813,tile-good
1814,carpet-good
1815,tile-good
1816,pill-good
1817,carpet-good
1818,zipper-good
1819,tile-good
1820,toothbrush-good
1821,cable-bent_wire
1822,metal_nut-good
1823,leather-good
1824,tile-good
1825,bottle-good
1826,hazelnut-good
1827,tile-good
1828,zipper-good
1829,tile-good
1830,zipper-good
1831,carpet-good
1832,pill-good
1833,carpet-good
1834,carpet-good
1835,capsule-good
1836,metal_nut-good
1837,screw-thread_top
1838,tile-good
1839,cable-bent_wire
1840,pill-good
1841,metal_nut-good
1842,cable-good
1843,transistor-good
1844,screw-good
1845,screw-good
1846,leather-good
1847,pill-good
1848,pill-good
1849,zipper-good
1850,transistor-good
1851,zipper-good
1852,zipper-good
1853,cable-bent_wire
1854,toothbrush-good
1855,wood-good
1856,pill-good
1857,capsule-good
1858,wood-good
1859,screw-thread_top
1860,tile-good
1861,capsule-good
1862,metal_nut-good
1863,carpet-good
1864,zipper-good
1865,zipper-good
1866,carpet-good
1867,hazelnut-good
1868,carpet-good
1869,carpet-good
1870,capsule-good
1871,zipper-good
1872,leather-good
1873,carpet-good
1874,carpet-good
1875,capsule-good
1876,cable-bent_wire
1877,wood-good
1878,leather-good
1879,tile-good
1880,capsule-good
1881,capsule-good
1882,screw-good
1883,zipper-good
1884,zipper-good
1885,cable-bent_wire
1886,screw-good
1887,toothbrush-good
1888,tile-good
1889,capsule-good
1890,capsule-good
1891,leather-good
1892,tile-good
1893,screw-thread_top
1894,tile-good
1895,leather-good
1896,transistor-good
1897,carpet-good
1898,wood-good
1899,tile-good
1900,pill-good
1901,transistor-good
1902,hazelnut-good
1903,transistor-good
1904,cable-good
1905,screw-good
1906,transistor-good
1907,tile-good
1908,zipper-good
1909,pill-good
1910,zipper-good
1911,tile-good
1912,wood-good
1913,hazelnut-good
1914,metal_nut-good
1915,toothbrush-good
1916,capsule-good
1917,leather-good
1918,zipper-good
1919,toothbrush-good
1920,screw-thread_top
1921,metal_nut-good
1922,capsule-good
1923,transistor-good
1924,cable-bent_wire
1925,tile-good
1926,leather-good
1927,pill-good
1928,zipper-good
1929,screw-good
1930,transistor-good
1931,metal_nut-good
1932,screw-thread_top
1933,carpet-good
1934,metal_nut-good
1935,wood-good
1936,pill-good
1937,tile-good
1938,leather-good
1939,bottle-good
1940,hazelnut-good
1941,leather-good
1942,wood-good
1943,metal_nut-good
1944,cable-good
1945,screw-good
1946,pill-good
1947,metal_nut-good
1948,leather-good
1949,capsule-good
1950,cable-bent_wire
1951,tile-good
1952,toothbrush-good
1953,zipper-good
1954,pill-good
1955,screw-good
1956,pill-good
1957,pill-good
1958,metal_nut-good
1959,hazelnut-good
1960,carpet-good
1961,wood-good
1962,leather-good
1963,wood-good
1964,capsule-good
1965,wood-good
1966,zipper-good
1967,bottle-good
1968,screw-thread_top
1969,tile-good
1970,transistor-good
1971,leather-good
1972,tile-good
1973,leather-good
1974,pill-good
1975,tile-good
1976,screw-thread_top
1977,hazelnut-good
1978,wood-good
1979,metal_nut-good
1980,zipper-good
1981,metal_nut-good
1982,pill-good
1983,tile-good
1984,hazelnut-good
1985,leather-good
1986,pill-good
1987,metal_nut-good
1988,cable-bent_wire
1989,carpet-good
1990,zipper-good
1991,screw-thread_top
1992,screw-thread_top
1993,transistor-good
1994,bottle-good
1995,capsule-good
1996,carpet-good
1997,tile-good
1998,zipper-good
1999,capsule-good
2000,capsule-good
2001,bottle-good
2002,carpet-good
2003,bottle-good
2004,pill-good
2005,capsule-good
2006,screw-thread_top
2007,zipper-good
2008,zipper-good
2009,tile-good
2010,bottle-good
2011,metal_nut-good
2012,metal_nut-good
2013,carpet-good
2014,capsule-good
2015,screw-good
2016,metal_nut-good
2017,screw-good
2018,wood-good
2019,carpet-good
2020,hazelnut-good
2021,transistor-good
2022,zipper-good
2023,hazelnut-good
2024,capsule-good
2025,transistor-good
2026,capsule-good
2027,capsule-good
2028,wood-good
2029,leather-good
2030,tile-good
2031,zipper-good
2032,capsule-good
2033,metal_nut-good
2034,capsule-good
2035,cable-bent_wire
2036,hazelnut-good
2037,metal_nut-good
2038,tile-good
2039,metal_nut-good
2040,carpet-good
2041,metal_nut-good
2042,screw-good
2043,tile-good
2044,pill-good
2045,screw-good
2046,cable-good
2047,cable-good
2048,screw-thread_top
2049,pill-good
2050,capsule-good
2051,leather-good
2052,zipper-good
2053,transistor-good
2054,screw-good
2055,zipper-good
2056,cable-bent_wire
2057,zipper-good
2058,tile-good
2059,leather-good
2060,tile-good
2061,transistor-good
2062,metal_nut-good
2063,leather-good
2064,metal_nut-good
2065,zipper-good
2066,capsule-good
2067,hazelnut-good
2068,tile-good
2069,pill-good
2070,zipper-good
2071,zipper-good
2072,bottle-good
2073,carpet-good
2074,screw-good
2075,carpet-good
2076,capsule-good
2077,capsule-good
2078,pill-good
2079,tile-good
2080,screw-thread_top
2081,tile-good
2082,bottle-good
2083,pill-good
2084,hazelnut-good
2085,zipper-good
2086,transistor-good
2087,hazelnut-good
2088,capsule-good
2089,capsule-good
2090,capsule-good
2091,carpet-good
2092,pill-good
2093,tile-good
2094,cable-bent_wire
2095,pill-good
2096,transistor-good
2097,pill-good
2098,metal_nut-good
2099,pill-good
2100,tile-good
2101,cable-bent_wire
2102,capsule-good
2103,transistor-good
2104,cable-good
2105,capsule-good
2106,metal_nut-good
2107,leather-good
2108,metal_nut-good
2109,hazelnut-good
2110,carpet-good
2111,screw-thread_top
2112,pill-good
2113,zipper-good
2114,leather-good
2115,screw-good
2116,capsule-good
2117,capsule-good
2118,cable-bent_wire
2119,pill-good
2120,capsule-good
2121,transistor-good
2122,hazelnut-good
2123,tile-good
2124,wood-good
2125,capsule-good
2126,bottle-good
2127,screw-good
2128,wood-good
2129,tile-good
2130,metal_nut-good
2131,pill-good
2132,tile-good
2133,tile-good
2134,metal_nut-good
2135,tile-good
2136,carpet-good
2137,toothbrush-good
2138,pill-good
2139,wood-good
2140,zipper-good
2141,leather-good
2142,toothbrush-good
2143,toothbrush-good
2144,tile-good
2145,metal_nut-good
2146,cable-bent_wire
2147,tile-good
2148,cable-bent_wire
2149,tile-good
2150,screw-good
2151,tile-good
2152,screw-thread_top
2153,zipper-good
